"","From","TO","SizeEdge"
"1",515574088,265319017229,1
"2",812821378,265319017229,1
"3",5154444440,265319017229,1
"4",265025221747,265319017229,3
"5",265025362778,265319017229,4
"6",265046468474,265319017229,1
"7",265107292929,265319017229,1
"8",265114499181,265319017229,1
"9",265145240148,265319017229,21
"10",265165858516,265319017229,1
"11",265205504593,265319017229,1
"12",265314014770,265319017229,1
"13",265315092773,265319017229,1
"14",265319017229,92515150828,1
"15",265319017229,92515178410,1
"16",265319017229,92515202410,2
"17",265319017229,92515519578,1
"18",265319017229,92515563666,1
"19",265319017229,92515586161,1
"20",265319017229,92515790772,1
"21",265319017229,92515791357,1
"22",265319017229,92515791966,3
"23",265319017229,92519270721,3
"24",265319017229,92519270727,3
"25",265319017229,92519271520,9
"26",265319017229,92915273439,1
"27",265319017229,265025199990,2
"28",265319017229,265025221747,1
"29",265319017229,265025362778,5
"30",265319017229,265045306677,4
"31",265319017229,265070158856,1
"32",265319017229,265076051138,1
"33",265319017229,265076360822,29
"34",265319017229,265088309068,6
"35",265319017229,265101512762,1
"36",265319017229,265105413895,1
"37",265319017229,265108599766,20
"38",265319017229,265108706619,1
"39",265319017229,265109780835,1
"40",265319017229,265114499181,1
"41",265319017229,265115524174,4
"42",265319017229,265116470746,2
"43",265319017229,265119156226,1
"44",265319017229,265123574962,1
"45",265319017229,265125922126,1
"46",265319017229,265130170220,1
"47",265319017229,265135537307,1
"48",265319017229,265145353397,2
"49",265319017229,265155062266,1
"50",265319017229,265165858516,1
"51",265319017229,265169670074,1
"52",265319017229,265175080027,8
"53",265319017229,265205500210,2
"54",265319017229,265213061188,2
"55",265319017229,265215073293,1
"56",265319017229,265215234500,3
"57",265319017229,265215550428,2
"58",265319017229,265313430214,1
"59",265319017229,265314471845,1
"60",265319017229,265315092773,2
"61",265319017229,265315684599,2
"62",265319017229,265321661653,3
"63",265319017229,265325201472,4
"64",265319017229,265325300555,8
"65",265319017229,265325594360,8
"66",265319017229,265325603545,1
"67",265319017229,265325603546,8
"68",265319017229,265325603548,4
"69",265319017229,265325674757,1
"70",265319017229,265329392522,1
"71",265319017229,265329392922,2
"72",265319017229,265329943129,214
"73",265319017229,265332398102,1
"74",265319017229,265333063868,1
"75",265319017229,265333462320,1
"76",265319017229,265335178844,2
"77",265319017229,265335253877,2
"78",265319017229,265335287974,3
"79",265319017229,265335296378,3
"80",265319017229,265335317379,1
"81",265319017229,265335604323,1
"82",265319017229,265335683733,3
"83",265319017229,265335811303,1
"84",265319017229,265335889033,2
"85",265319017229,265335909029,8
"86",265319017229,265335973320,1
"87",265319017229,265336721055,1
"88",265319017229,265338884333,1
"89",265319017229,265339113007,1
"90",265319017229,265339252737,20
"91",265319017229,265339324064,1
"92",265319017229,265339386151,1
"93",265319017229,265341513528,2
"94",265319017229,265341530391,3
"95",265319017229,265343532165,15
"96",265319017229,265344428836,1
"97",265319017229,265344855865,1
"98",265319017229,265345107590,1
"99",265319017229,265345223307,1
"100",265319017229,265345522441,3
"101",265319017229,265345564527,3
"102",265319017229,265346225804,4
"103",265319017229,265348747335,2
"104",265319017229,265349156796,52
"105",265319017229,265350053051,3
"106",265319017229,265352541969,1
"107",265319017229,265355316007,1
"108",265319017229,265359162583,74
"109",265319017229,265359265772,3
"110",265319017229,265361017646,1
"111",265319017229,265361857068,3
"112",265319017229,265365068405,1
"113",265319017229,265365128908,3
"114",265319017229,265367772702,3
"115",265319017229,265420511137,1
"116",265319017229,265424866633,1
"117",265319017229,265429043425,7
"118",265319017229,265434148560,1
"119",265319017229,265434999966,1
"120",265319017229,265435292885,1
"121",265319017229,265444010530,2
"122",265319017229,265448033235,3
"123",265319017229,265455220158,1
"124",265319017229,265455255763,1
"125",265319017229,923005533775,1
"126",265319017229,923005579957,4
"127",265319017229,923006415236,1
"128",265319017229,923009014204,1
"129",265319017229,923009800873,1
"130",265319017229,923307073192,1
"131",265319017229,9251111333100,1
"132",265321661653,265319017229,2
"133",265325201472,265319017229,2
"134",265325300555,265319017229,1
"135",265325594360,265319017229,4
"136",265325674757,265319017229,1
"137",265326868786,265319017229,1
"138",265329943129,265359162583,1
"139",265329943129,923359162583,2
"140",265330373730,265319017229,1
"141",265330788508,265319017229,2
"142",265330970809,265319017229,2
"143",265335253877,265319017229,1
"144",265335540799,265319017229,1
"145",265335683733,265319017229,3
"146",265335726101,265319017229,1
"147",265335811303,265319017229,1
"148",265335889033,265319017229,1
"149",265335909029,265319017229,22
"150",265339113007,265319017229,1
"151",265339252737,265319017229,11
"152",265339349326,265319017229,1
"153",265341530391,265319017229,1
"154",265344855865,265319017229,3
"155",265345223307,265319017229,7
"156",265345522441,265319017229,1
"157",265345564527,265319017229,1
"158",265345592929,265319017229,1
"159",265348508132,265319017229,1
"160",265348747335,265319017229,1
"161",265349156796,265319017229,5
"162",265349422403,265319017229,1
"163",265350053051,265319017229,1
"164",265358070234,265319017229,1
"165",265359265772,265319017229,1
"166",265361857068,265319017229,2
"167",265365068405,265319017229,2
"168",265368408743,265319017229,1
"169",265425019526,265319017229,5
"170",265429043425,265319017229,6
"171",265481112118,265319017229,1
"172",923009014204,265319017229,3
